"","name","FS260"
"1","Meetterrein_20151001_1810.jpg",45600
"2","Meetterrein_20151002_1750.jpg",37100
"3","Meetterrein_20151002_1820.jpg",25100
"4","Meetterrein_20151003_0530.jpg",262
"5","Meetterrein_20151004_0030.jpg",323
"6","Meetterrein_20151004_0320.jpg",56
"7","Meetterrein_20151004_0440.jpg",117
"8","Meetterrein_20151004_0500.jpg",117
"9","Meetterrein_20151004_0650.jpg",73
"10","Meetterrein_20151004_0720.jpg",175
"11","Meetterrein_20151005_0040.jpg",97
"12","Meetterrein_20151005_0120.jpg",76
"13","Meetterrein_20151005_0150.jpg",85
"14","Meetterrein_20151006_0030.jpg",3110
"15","Meetterrein_20151006_0620.jpg",1620
"16","Meetterrein_20151006_0720.jpg",4660
"17","Meetterrein_20151006_1430.jpg",14400
"18","Meetterrein_20151007_0450.jpg",16900
"19","Meetterrein_20151007_0650.jpg",19300
"20","Meetterrein_20151007_0940.jpg",30000
"21","Meetterrein_20151007_1310.jpg",23000
"22","Meetterrein_20151007_1650.jpg",14400
"23","Meetterrein_20151008_1620.jpg",48300
"24","Meetterrein_20151009_0820.jpg",130
"25","Meetterrein_20151009_0850.jpg",444
"26","Meetterrein_20151009_0910.jpg",3110
"27","Meetterrein_20151010_0830.jpg",9710
"28","Meetterrein_20151010_1510.jpg",10900
"29","Meetterrein_20151011_0450.jpg",9380
"30","Meetterrein_20151017_0550.jpg",721
"31","Meetterrein_20151017_0630.jpg",466
"32","Meetterrein_20151017_0640.jpg",346
"33","Meetterrein_20151018_0430.jpg",130
"34","Meetterrein_20151018_0510.jpg",83
